,address,locality,country_code,continent,store_code,store_type,longitude,latitude,opening_date,staff_numbers
0,,,GB,Europe,WEB-1388012W,Web Portal,,,2010-06-12,325.0
1,"Flat 72W
Sally isle
East Deantown
E7B 8EB, High Wycombe",High Wycombe,GB,Europe,HI-9B97EE4E,Local,51.6,-0.7,1996-10-25,34.0
2,"Heckerstraße 4/5
50491 Säckingen, Landshut",Landshut,DE,Europe,LA-0772C7B9,Super Store,48.5,12.2,2013-04-12,92.0
3,"5 Harrison tunnel
South Lydia
WC9 2BE, Westbury",Westbury,GB,Europe,WE-1DE82CEE,Super Store,51.3,-2.2,2014-01-02,69.0
4,"Studio 6
Stephen landing
South Simon
B77 2WA, Belper",Belper,GB,Europe,BE-18074576,Local,53.0,-1.5,2019-09-09,35.0
5,"Flat 92u
Christian harbors
Port Charlotte
N57 8FJ, Gainsborough",Gainsborough,GB,Europe,GA-CAD01AC2,Local,53.4,-0.8,1995-05-15,36.0
6,"7 Gillian rue
West Robertside
PH4 8NY, Rutherglen",Rutherglen,GB,Europe,RU-C603E990,Super Store,55.8,-4.2,2001-01-04,92.0
7,"Lilija-Heß-Allee 660
34566 Regensburg, Stuttgart",Stuttgart,DE,Europe,ST-229D997E,Local,48.8,9.2,2000-06-01,34.0
8,"510 Jill Mill
South Laura, FL 38723, Kaukauna",Kaukauna,US,America,KA-FA7ED3B8,Local,44.3,-88.3,2022-09-05,31.0
9,"3 Lee valleys
West Janetview
DY4M 2RL, Hartley",Hartley,GB,Europe,HA-974352FE,Local,51.4,0.3,2004-09-11,20.0
10,"8 Gareth skyway
Simmonsview
SW4 7PL, Rutherglen",Rutherglen,GB,Europe,RU-9F1136B4,Local,55.8,-4.2,2012-10-08,32.0
11,"Bergerstr. 1/3
59183 Seelow, Siegburg",Siegburg,DE,Europe,SI-ECD52CD9,Local,50.8,7.2,2015-07-14,25.0
12,"Flat 37
Bennett expressway
New Charlotte
SY8R 5WE, Devizes",Devizes,GB,Europe,DE-585399CF,Local,51.4,-2.0,2014-10-11,36.0
13,"520 Fisher Inlet Suite 594
Port Eric, IL 71753, Crystal Lake",Crystal Lake,US,America,CR-792AA8BB,Super Store,42.2,-88.3,2018-04-05,138.0
14,"Herma-Rädel-Gasse 29
74557 Fulda, Halstenbek",Halstenbek,DE,Europe,HA-39A446E2,Local,53.6,9.8,1994-03-08,38.0
15,"4 Teresa lodge
West Mathewchester
SP39 3UZ, Lancing",Lancing,GB,Europe,LA-9B0D9277,Local,50.8,-0.3,2020-06-05,39.0
16,"74 Mills route
Laurahaven
PL4R 6HA, Newbury",Newbury,GB,Europe,NE-1D8B1D0C,Local,51.4,-1.3,2004-05-02,33.0
17,"9 Ryan springs
Lake Allan
E0 1AW, Lymington",Lymington,GB,Europe,LY-4C3D5D6C,Local,50.8,-1.5,2016-02-12,36.0
18,"Studio 80d
Holly cliffs
Ianport
G4F 4HR, Chapletown",Chapletown,GB,Europe,CH-6A561423,Local,53.5,-1.5,2008-01-21,34.0
19,"59 Lee drives
Georginaview
OL93 1GX, Barnet",Barnet,GB,Europe,BA-898BDED3,Super Store,51.6,-0.2,2022-08-01,109.0
20,"Flat 83
Shirley parkway
Sylviashire
N0 5AQ, East Dereham",East Dereham,GB,Europe,EA-77ECA680,Mall Kiosk,52.7,0.9,1994-08-12,8.0
21,"Flat 28
Kirby villages
West Vincent
CV4 0RT, Poulton-le-Fylde",Poulton-le-Fylde,GB,Europe,PO-38790FAE,Local,53.8,-3.0,2010-10-19,25.0
22,"Studio 00p
George point
West Barbara
S5J 3JT, Bushey",Bushey,GB,Europe,BU-251A0E5A,Local,51.6,-0.4,2013-08-05,35.0
23,"Rena-Karz-Gasse 574
66493 Olpe, Ehingen",Ehingen,DE,Europe,EH-91356030,Local,48.3,9.7,2017-12-12,38.0
24,"Flat 43d
Hall street
Susanshire
KA9 8HF, Aberdeen",Aberdeen,GB,Europe,AB-917B715E,Super Store,57.1,-2.1,2002-06-18,119.0
25,"12 William underpass
South Brettland
L3K 8BB, Surbiton",Surbiton,GB,Europe,SU-0B4C9A5F,Local,51.4,-0.3,2007-06-24,28.0
26,"08 Brenda valleys
North Stewartborough
TQ32 7FS, Inverness",Inverness,GB,Europe,IN-157E1191,Local,57.5,-4.2,2017-11-04,29.0
27,"Studio 94
Tina freeway
Woodshaven
YO93 9TU, Gainsborough",Gainsborough,GB,Europe,GA-DA8EEA4A,Local,53.4,-0.8,2008-07-08,29.0
28,"Flat 8
Cooper estates
Reidchester
KY14 4PW, Lancing",Lancing,GB,Europe,LA-2B59A825,Local,50.8,-0.3,1998-12-23,25.0
29,"Köhlerring 00
08489 Fulda, Weimar",Weimar,DE,Europe,WE-31C8B335,Local,51.0,11.3,2011-03-11,27.0
30,"Häringstr. 481
62852 Kamenz, Landshut",Landshut,DE,Europe,LA-F1042C48,Local,48.5,12.2,2010-08-25,34.0
32,"Flat 7
Chambers shoals
Carolyntown
SM2 0FQ, East Dereham",East Dereham,GB,Europe,EA-7965E06D,Super Store,52.7,0.9,2016-10-07,96.0
33,"Studio 1
Davidson harbor
Sheppardview
M9J 9LW, Penzance",Penzance,GB,Europe,PE-040B15C3,Super Store,50.1,-5.5,2018-08-15,135.0
34,"Sabina-Baum-Platz 4
10599 Wanzleben, Ehingen",Ehingen,DE,Europe,EH-DB8676C1,Local,48.3,9.7,1996-10-02,28.0
35,"Fechnerweg 6
72000 Greiz, Albstadt",Albstadt,DE,Europe,AL-91D3A03C,Local,48.2,9.0,2018-06-18,30.0
36,"Kensyring 567
46539 Oschatz, Hechingen",Hechingen,DE,Europe,HE-E39F4BC6,Local,48.4,9.0,1995-06-04,31.0
37,"978 Daniel viaduct
Johnsonville
E1A 7TW, Poulton-le-Fylde",Poulton-le-Fylde,GB,Europe,PO-47A01287,Local,53.8,-3.0,1994-10-18,29.0
38,"Flat 8
Grace radial
Georginashire
W06 1BZ, Lancing",Lancing,GB,Europe,LA-D78C5F3F,Local,50.8,-0.3,2002-07-21,28.0
39,"Studio 55A
Ali brooks
Pearceburgh
SW8 2RT, Mexborough",Mexborough,GB,Europe,ME-31958763,Outlet,53.5,-1.3,2013-12-23,90.0
40,"420 Harrison way
Whitemouth
E4 5RZ, Arbroath",Arbroath,GB,Europe,AR-5E72668B,Local,56.6,-2.6,2006-10-04,34.0
41,"7 Sophie ways
East Kevinborough
TD1M 0FG, Cowes",Cowes,GB,Europe,CO-CB3D8C89,Super Store,50.8,-1.3,1999-07-17,120.0
42,"Studio 46k
Phillips hollow
South Eileen
G21 2EA, Clacton-on-Sea",Clacton-on-Sea,GB,Europe,CL-5C7C3198,Outlet,51.8,1.2,1998-12-19,50.0
43,"92863 Kathryn Ford Suite 747
East Craig, DC 24439, Boston",Boston,US,America,BO-17E7B6CE,Super Store,42.4,-71.1,2019-07-28,75.0
44,"Bertold-Nette-Allee 7/8
32669 Chemnitz, Charlottenburg-Nord",Charlottenburg-Nord,DE,Europe,CH-619E036C,Super Store,52.5,13.3,2017-10-21,118.0
45,"Lindauweg 7
89647 Luckau, Bretten",Bretten,DE,Europe,BR-BC499EDD,Local,49.0,8.7,2020-05-13,37.0
46,"Flat 85Q
George field
Barrettbury
BS2B 5WR, Newbury",Newbury,GB,Europe,NE-E50207AD,Super Store,51.4,-1.3,2019-12-24,67.0
47,"2 Jade corners
South Ashleybury
W1 0RE, Belper",Belper,GB,Europe,BE-8C0CF738,Local,53.0,-1.5,2002-04-03,26.0
48,"Studio 1
Brandon branch
Francescaview
TD4N 2XL, Newbury",Newbury,GB,Europe,NE-374D3983,Local,51.4,-1.3,2009-08-07,20.0
49,"0493 Alicia Station Suite 475
Elizabethfort, RI 70019, Sun City Center",Sun City Center,US,America,SU-95D20AE9,Local,27.7,-82.4,2004-05-23,30.0
50,"9 Parker lake
West Edwardview
SP04 5ZX, Mexborough",Mexborough,GB,Europe,ME-FB62E459,Local,53.5,-1.3,2001-07-11,40.0
51,"Mosemannstr. 81
30877 Schrobenhausen, Karben",Karben,DE,Europe,KA-653E783F,Local,50.2,8.8,1998-07-07,36.0
52,"220 Holt Unions Suite 688
Ramirezstad, IL 74968, Martinsburg",Martinsburg,US,America,MA-F0E23355,Mall Kiosk,39.5,-78.0,2011-07-07,8.0
53,"Trommlerstr. 7/5
75372 Wolfach, Oschatz",Oschatz,DE,Europe,OS-70B2CD28,Local,51.3,13.1,2007-02-04,36.0
54,"Flat 26c
Walker creek
South Mary
HU8X 8YP, Kingston upon Hull",Kingston upon Hull,GB,Europe,KI-A53AF10A,Mall Kiosk,53.7,-0.3,1993-10-13,6.0
55,"Flat 40w
Thomas wall
South Susan
LL4 8LG, Leyland",Leyland,GB,Europe,LE-63F3D33B,Local,53.7,-2.7,2006-06-16,25.0
56,"9066 Rosales Port Suite 675
Meyerville, NV 79336, Venice",Venice,US,America,VE-93DA8430,Local,27.1,-82.5,2006-02-23,22.0
57,"Studio 57
Edwards springs
Johnsonbury
B52 8TN, High Wycombe",High Wycombe,GB,Europe,HI-BAD4DD1C,Local,51.6,-0.7,2019-09-08,24.0
58,"664 Andrew land
New Mohammadhaven
N07 9JZ, Rutherglen",Rutherglen,GB,Europe,RU-1994A94D,Outlet,55.8,-4.2,1993-09-03,83.0
59,"21 Michael plains
Port Garethburgh
BL6 5PJ, Leyland",Leyland,GB,Europe,LE-84C48B9F,Super Store,53.7,-2.7,2002-01-18,138.0
60,"Baumstraße 904
47265 Hildesheim, Schleswig",Schleswig,DE,Europe,SC-4928418D,Super Store,54.5,9.6,2009-04-14,82.0
61,"Martha-Dörr-Platz 1/3
53035 Bad Mergentheim, Eppingen",Eppingen,DE,Europe,EP-105C3FB5,Local,49.1,8.9,2014-07-16,27.0
62,"446 Edwards circle
South Dean
S5 5NT, Chapletown",Chapletown,GB,Europe,CH-7771B336,Local,53.5,-1.5,2012-05-15,32.0
64,"Heinrichgasse 96
70197 Sömmerda, Losheim",Losheim,DE,Europe,LO-AB6B6DF8,Super Store,49.5,6.7,2006-01-13,117.0
65,"Mario-Wirth-Gasse 598
60452 Cloppenburg, Burscheid",Burscheid,DE,Europe,BU-44F16401,Local,51.1,7.1,2019-01-11,22.0
66,"Studio 44
Lynda village
New Alexanderbury
N66 2PJ, Rutherglen",Rutherglen,GB,Europe,RU-9DF20437,Mall Kiosk,55.8,-4.2,1994-05-26,7.0
67,"Magarete-Caspar-Weg 37
58039 Melsungen, Ehingen",Ehingen,DE,Europe,EH-DB65F258,Local,48.3,9.7,2015-02-16,21.0
68,"Flat 81A
Leonard glens
East Kayleigh
N8J 4SX, Southsea",Southsea,GB,Europe,SO-6D328417,Super Store,50.8,-1.1,2002-03-30,132.0
69,"406 Charles Ramp
Port Jessicaview, WI 37544, Porterville",Porterville,US,America,PO-EB96293A,Local,36.1,-119.0,2003-04-19,36.0
70,"Gorlitzweg 0/4
49302 Waldmünchen, Walsrode",Walsrode,DE,Europe,WA-34998EB8,Mall Kiosk,52.9,9.6,2017-04-15,7.0
71,"Studio 9
Dunn summit
Thomasfurt
RH8 4TZ, Exeter",Exeter,GB,Europe,EX-2C210EBF,Local,50.7,-3.5,1997-01-16,37.0
72,"122 Gray heights
Holmesview
S2U 7LP, Chapletown",Chapletown,GB,Europe,CH-164A23FB,Local,53.5,-1.5,2017-10-11,29.0
73,"Studio 13
Russell ports
South Ricky
CR3B 4BA, Gainsborough",Gainsborough,GB,Europe,GA-BA05E5A8,Super Store,53.4,-0.8,2012-08-16,131.0
74,"942 Field passage
Scottland
WD85 7UG, Chapletown",Chapletown,GB,Europe,CH-A44B48E6,Super Store,53.5,-1.5,1998-12-12,130.0
75,"77 Jordan corner
New Kathleen
SP0 9HU, Thetford",Thetford,GB,Europe,TH-D62B06B7,Local,52.4,0.8,1996-04-19,26.0
76,"Yusuf-Christoph-Straße 784
00736 Koblenz, Landshut",Landshut,DE,Europe,LA-6AAC1779,Outlet,48.5,12.2,2001-08-01,70.0
77,"91374 Stanley Rapid Apt. 083
South Christian, MI 26541, Morningside Heights",Morningside Heights,US,America,MO-E8CFF8FE,Local,40.8,-74.0,2004-12-19,40.0
78,"Ottomar-Gutknecht-Platz 7
52829 Fulda, Losheim",Losheim,DE,Europe,LO-D54E72B5,Local,49.5,6.7,1998-12-20,20.0
79,"35 Collier tunnel
East Nicola
LA0 9LZ, East Dereham",East Dereham,GB,Europe,EA-BE6D0CF8,Local,52.7,0.9,1999-11-14,29.0
80,"Studio 26
Anderson plain
Williamston
BT4P 5NN, Belper",Belper,GB,Europe,BE-F4596696,Local,53.0,-1.5,2008-02-04,23.0
81,"Vincenzo-Lübs-Weg 8
59427 Eisenberg, Weimar",Weimar,DE,Europe,WE-5B0343D9,Outlet,51.0,11.3,2009-08-19,51.0
82,"Zahnstraße 7/0
50265 Plauen, Schleswig",Schleswig,DE,Europe,SC-8724E112,Super Store,54.5,9.6,2002-09-30,118.0
83,"5608 Jason Falls Apt. 917
Ericaside, ND 55443, Searcy",Searcy,US,America,SE-F428A035,Local,35.3,-91.7,2012-05-10,34.0
84,"154 Arthur view
Port Emma
N5 6SH, Surbiton",Surbiton,GB,Europe,SU-40E3321A,Super Store,51.4,-0.3,2010-03-16,127.0
85,"549 Watson highway
Marcusport
E2 3WZ, Exeter",Exeter,GB,Europe,EX-9ED6711E,Mall Kiosk,50.7,-3.5,1999-12-10,4.0
86,"772 Jacqueline brook
Lake Derek
N2J 0ZZ, Bushey",Bushey,GB,Europe,BU-550D8325,Local,51.6,-0.4,2018-02-18,33.0
87,"Gießring 51
99214 Querfurt, Landshut",Landshut,DE,Europe,LA-9F489A77,Local,48.5,12.2,2011-05-02,34.0
88,"Kirsten-Geißler-Allee 5
87776 Pinneberg, Radevormwald",Radevormwald,DE,Europe,RA-583F0CF9,Super Store,51.2,7.4,2010-03-15,135.0
89,"268 Johnson keys
West Josephinehaven
W1 7ST, Newbury",Newbury,GB,Europe,NE-01250B4B,Local,51.4,-1.3,2021-03-12,30.0
90,"Cosimo-Rose-Ring 1/5
86826 Dieburg, Charlottenburg-Nord",Charlottenburg-Nord,DE,Europe,CH-7C155EA7,Super Store,52.5,13.3,2011-03-27,110.0
91,"Manja-Wirth-Ring 7
99585 Grimma, Stade",Stade,DE,Europe,ST-4D2E1D55,Local,53.6,9.5,2005-04-28,30.0
92,"Studio 43
Liam club
New Garyview
HX7 3PG, Arbroath",Arbroath,GB,Europe,AR-2D9D5CD3,Mall Kiosk,56.6,-2.6,2000-12-29,5.0
93,"14577 Thomas Station
North Andrew, SD 63439, Mira Mesa",Mira Mesa,US,America,MI-20EE1BFA,Local,32.9,-117.1,2006-07-07,20.0
94,"823 Caroline curve
Jasmineberg
B4G 7ZZ, Strood",Strood,GB,Europe,ST-119B11EA,Outlet,51.4,0.5,2022-01-20,81.0
95,"Steffen-Boucsein-Straße 1
45299 Osterburg, Burscheid",Burscheid,DE,Europe,BU-89E4DEC5,Mall Kiosk,51.1,7.1,2017-01-09,7.0
96,"Cichoriusplatz 61
10993 Niesky, Verl",Verl,DE,Europe,VE-B81F9500,Mall Kiosk,51.9,8.5,2000-07-10,4.0
97,"Marvin-Schmiedt-Straße 40
41235 Erkelenz, Wesseling",Wesseling,DE,Europe,WE-DC3933D4,Local,50.8,7.0,1997-08-29,21.0
98,"Studio 26
Paula coves
East Samuelfurt
EH17 8TE, Clacton-on-Sea",Clacton-on-Sea,GB,Europe,CL-0FB1065C,Local,51.8,1.2,2021-04-17,28.0
99,"Walli-Ullrich-Ring 94
22096 Mallersdorf, Pfullingen",Pfullingen,DE,Europe,PF-D90B564A,Mall Kiosk,48.5,9.2,1997-12-01,6.0
100,"Geißlerplatz 5
53713 Nördlingen, Bensheim",Bensheim,DE,Europe,BE-028A2748,Outlet,49.7,8.6,2005-10-31,85.0
101,"Flat 56X
Wayne fields
Webbside
BL8R 2QU, Southsea",Southsea,GB,Europe,SO-6D546AD2,Outlet,50.8,-1.1,2011-09-25,41.0
102,"0 Molly keys
Duncanton
HD7Y 4DU, High Wycombe",High Wycombe,GB,Europe,HI-BED70096,Outlet,51.6,-0.7,1994-11-01,57.0
103,"64 Hayes crossing
Port Ellieville
G7S 1XQ, Walton-on-the-Naze",Walton-on-the-Naze,GB,Europe,WA-FF3389AF,Mall Kiosk,51.8,1.3,2001-02-16,4.0
104,"822 Marsh mews
Francishaven
BR3X 2XJ, Chapletown",Chapletown,GB,Europe,CH-7E92F288,Mall Kiosk,53.5,-1.5,2003-08-08,7.0
105,"Minna-Juncken-Gasse 906
83233 Husum, Friedberg",Friedberg,DE,Europe,FR-C04291C3,Local,48.4,11.0,2012-02-15,33.0
106,"Sauerring 09
84370 Bernburg, Stuttgart",Stuttgart,DE,Europe,ST-B754F535,Local,48.8,9.2,2021-06-26,33.0
107,"Flat 84
Morrison freeway
Wardbury
EC62 7LZ, Arbroath",Arbroath,GB,Europe,AR-E8FDEB2B,Local,56.6,-2.6,2010-07-15,20.0
108,"Flat 9
Morris well
Webbmouth
W7 6FF, Lymington",Lymington,GB,Europe,LY-FC3B1157,Local,50.8,-1.5,1993-05-06,37.0
109,"0 Smith camp
Masonchester
SK23 1WD, Belper",Belper,GB,Europe,BE-09F94471,Local,53.0,-1.5,2012-09-15,34.0
110,"Flat 60t
Berry squares
Clarkstad
CR0 6RQ, Gainsborough",Gainsborough,GB,Europe,GA-400CC35C,Mall Kiosk,53.4,-0.8,2021-06-16,7.0
111,"Studio 82
Rosemary drive
Scottside
CM7W 7XQ, Winsford",Winsford,GB,Europe,WI-56B02C82,Local,53.2,-2.5,1999-11-05,35.0
112,"Flat 0
Hobbs avenue
East Diana
M9 8XN, High Wycombe",High Wycombe,GB,Europe,HI-F2784D72,Local,51.6,-0.7,2008-02-27,38.0
113,"Studio 6
Anthony drive
New Ricky
WF8 6HA, Mexborough",Mexborough,GB,Europe,ME-D9ECD7DF,Local,53.5,-1.3,2019-07-12,21.0
114,"7 Saunders divide
East Malcolm
W2 5FA, Leyland",Leyland,GB,Europe,LE-14B7245B,Super Store,53.7,-2.7,2022-08-31,102.0
115,"7 Richards stravenue
West Allan
S1T 1BY, Rutherglen",Rutherglen,GB,Europe,RU-AE12736B,Local,55.8,-4.2,2008-03-27,29.0
116,"4 Taylor plaza
Deanview
L1 2XR, Lancing",Lancing,GB,Europe,LA-DE474D42,Local,50.8,-0.3,2019-08-07,36.0
117,"Linkeallee 7/3
66084 Füssen, Karben",Karben,DE,Europe,KA-9D87BC15,Super Store,50.2,8.8,2010-07-23,69.0
118,"Flat 62
Ellis mountain
Brettport
RM53 0AQ, Chapletown",Chapletown,GB,Europe,CH-DCCDE05E,Local,53.5,-1.5,2013-11-17,29.0
119,"Flat 1
Beverley islands
Lake Sheila
M8 1UU, Chapletown",Chapletown,GB,Europe,CH-FBB32B94,Local,53.5,-1.5,2011-06-18,30.0
120,"Knappering 09
35944 Wertingen, Stade",Stade,DE,Europe,ST-10F19C97,Local,53.6,9.5,2001-11-28,20.0
121,"694 Parker Unions
South Rebeccatown, GU 66824, Newburgh",Newburgh,US,America,NE-C83B8B22,Local,41.5,-74.0,2014-07-03,21.0
122,"Studio 66K
Chloe road
Stanleyberg
S0 6NE, Selby",Selby,GB,Europe,SE-8DF6557B,Local,53.8,-1.1,2020-02-01,20.0
123,"247 Melanie forge
North Nathan
N70 7ZZ, Surbiton",Surbiton,GB,Europe,SU-346D5CF2,Local,51.4,-0.3,2021-02-27,31.0
124,"22 Hussain rue
Boothport
M24 9LZ, Bushey",Bushey,GB,Europe,BU-784362E0,Super Store,51.6,-0.4,2015-12-13,127.0
125,"Studio 45r
West falls
Traceyfurt
L7 9NA, Arbroath",Arbroath,GB,Europe,AR-0C5116E4,Outlet,56.6,-2.6,2008-09-01,82.0
126,"Keudelallee 65
00759 Mallersdorf, Oberhausen",Oberhausen,DE,Europe,OB-7A4A9012,Local,51.5,6.9,1996-06-05,20.0
127,"Seipallee 4
20802 Göppingen, Radevormwald",Radevormwald,DE,Europe,RA-2A22B217,Super Store,51.2,7.4,2007-02-03,103.0
128,"Studio 39t
Gavin drives
Cartwrightberg
CH1 6SJ, Westbury",Westbury,GB,Europe,WE-605028E4,Local,51.3,-2.2,1993-09-28,32.0
129,"Zimmerweg 693
26271 Havelberg, Pfullingen",Pfullingen,DE,Europe,PF-1D7B0646,Super Store,48.5,9.2,1995-11-07,68.0
130,"Flat 0
Taylor grove
Jamesshire
G1D 5RD, Lancing",Lancing,GB,Europe,LA-77BE2ADA,Local,50.8,-0.3,2002-08-16,37.0
131,"Hans-Eberhard-Franke-Gasse 1/0
40343 Rostock, Zeitz",Zeitz,DE,Europe,ZE-BBF02AEA,Local,51.0,12.1,2002-07-30,31.0
132,"Studio 35o
Sylvia place
Howardstad
TS14 7XJ, Viewpark",Viewpark,GB,Europe,VI-BCBBC21A,Outlet,55.8,-4.1,2014-09-03,90.0
133,"9 Tom gardens
Shanefurt
CV4X 0LU, Winsford",Winsford,GB,Europe,WI-37616D0E,Local,53.2,-2.5,2000-08-19,37.0
134,"847 Joe spur
Marshallmouth
M71 2LP, Rhosllanerchrugog",Rhosllanerchrugog,GB,Europe,RH-F3E200B7,Mall Kiosk,53.0,-3.1,2006-07-26,6.0
135,"984 Marshall causeway
West Francis
CF8W 2BQ, Bushey",Bushey,GB,Europe,BU-19BB50F6,Local,51.6,-0.4,2007-02-28,31.0
136,"Süßebiergasse 4
30238 Mettmann, Marburg an der Lahn",Marburg an der Lahn,DE,Europe,MA-316BDC6E,Outlet,50.8,8.8,2011-11-06,83.0
137,"Studio 01
Reynolds skyway
Lake Martynmouth
RG9A 5QL, Clacton-on-Sea",Clacton-on-Sea,GB,Europe,CL-C183BE4B,Super Store,51.8,1.2,1998-12-19,99.0
138,"39869 Jessica Square Suite 441
Barbaraborough, NV 37780, Waverly",Waverly,US,America,WA-F4396DF8,Local,42.7,-84.6,1993-11-24,29.0
139,"Eleni-Trommler-Allee 180
78345 Stendal, Marburg an der Lahn",Marburg an der Lahn,DE,Europe,MA-0D207813,Outlet,50.8,8.8,1995-12-30,66.0
140,"Flat 84
Irene track
Hammondhaven
KY28 0FZ, Poulton-le-Fylde",Poulton-le-Fylde,GB,Europe,PO-99029708,Outlet,53.8,-3.0,2006-10-18,51.0
141,"847 Lewis crossing
Dayberg
EN7 0SP, Gainsborough",Gainsborough,GB,Europe,GA-190B3F6D,Local,53.4,-0.8,2003-04-07,24.0
142,"Studio 7
Patel motorway
Stevenburgh
B0C 8JF, Bushey",Bushey,GB,Europe,BU-5B54171E,Local,51.6,-0.4,1997-02-07,37.0
143,"Eugenie-Pruschke-Straße 5
31111 Badibling, Memmingen",Memmingen,DE,Europe,ME-9940FF73,Mall Kiosk,48.0,10.2,2003-05-27,7.0
144,"Flat 7
Bond passage
Port Katefurt
CA9 5AX, Clacton-on-Sea",Clacton-on-Sea,GB,Europe,CL-DA5365DF,Local,51.8,1.2,2005-08-01,39.0
145,"0 Wall cliff
East Kevin
ML7A 6LS, Surbiton",Surbiton,GB,Europe,SU-5F78B30A,Local,51.4,-0.3,2006-02-20,29.0
146,"Studio 89H
Clark trafficway
Lake Joanna
KY9 4SZ, Lymington",Lymington,GB,Europe,LY-89B9F675,Local,50.8,-1.5,1994-08-09,29.0
147,"Heinz-Wilhelm-Boucsein-Ring 6
03556 Zerbst, Hechingen",Hechingen,DE,Europe,HE-2908B53E,Local,48.4,9.0,2021-02-20,21.0
148,"7 Arnold lodge
Sophiemouth
B3 6NN, Arbroath",Arbroath,GB,Europe,AR-D3FDDD1D,Super Store,56.6,-2.6,2019-12-08,124.0
149,"Erdal-Jacob-Ring 9
39042 Bad Freienwalde, Siegburg",Siegburg,DE,Europe,SI-66F97423,Super Store,50.8,7.2,2008-03-08,74.0
150,"Hentschelstraße 5
48646 Gunzenhausen, Pfullingen",Pfullingen,DE,Europe,PF-BADFAEDC,Mall Kiosk,48.5,9.2,2014-05-24,8.0
151,"2 Joan meadow
Perkinsbury
WF3 7YX, Newbury",Newbury,GB,Europe,NE-EE2A190D,Super Store,51.4,-1.3,2015-02-12,87.0
152,"Studio 80
Baxter valleys
Collinsfurt
G0 6WT, Selby",Selby,GB,Europe,SE-596EAA50,Mall Kiosk,53.8,-1.1,1994-09-10,6.0
153,"Ottoplatz 4
95953 Nürtingen, Radevormwald",Radevormwald,DE,Europe,RA-C25EE56A,Local,51.2,7.4,2005-01-04,34.0
154,"Hans-Christian-Zahn-Platz 856
77913 Saulgau, Ehingen",Ehingen,DE,Europe,EH-BB9AECF5,Local,48.3,9.7,2006-05-22,26.0
155,"Tröstplatz 5
15926 Wittmund, Pfullingen",Pfullingen,DE,Europe,PF-F95902BC,Local,48.5,9.2,2018-05-26,23.0
156,"78005 Steele Orchard Apt. 098
East Jennifer, AZ 80303, Crystal Lake",Crystal Lake,US,America,CR-6B885B5E,Local,42.2,-88.3,2001-11-11,25.0
157,"Studio 81
Chamberlain lights
North Emmashire
IP2 3AU, Hartley",Hartley,GB,Europe,HA-1BAE9B71,Mall Kiosk,51.4,0.3,2006-06-15,7.0
158,"Guiseppe-Bauer-Weg 775
25489 Döbeln, Memmingen",Memmingen,DE,Europe,ME-B363FDAA,Local,48.0,10.2,2005-12-23,22.0
159,"Juergen-Loos-Straße 0/8
93137 Mettmann, Trossingen",Trossingen,DE,Europe,TR-4E1AF636,Local,48.1,8.6,2022-06-21,23.0
160,"Flat 73c
Ben junctions
North Katy
E8J 7RE, Viewpark",Viewpark,GB,Europe,VI-43751A71,Super Store,55.8,-4.1,2003-11-19,122.0
161,"Marijan-Dehmel-Straße 0/8
24704 Germersheim, Dahlem",Dahlem,DE,Europe,DA-D9DC550B,Local,52.5,13.3,1998-04-22,25.0
162,"Ekrem-Tintzmann-Weg 424
02111 Oberviechtach, Landshut",Landshut,DE,Europe,LA-347073D1,Local,48.5,12.2,2011-03-27,28.0
163,"Studio 00
Murray course
Lake Gail
CH69 7TE, Viewpark",Viewpark,GB,Europe,VI-9A93E3E2,Local,55.8,-4.1,2013-04-29,38.0
164,"Haasegasse 1/3
07219 Pinneberg, Charlottenburg-Nord",Charlottenburg-Nord,DE,Europe,CH-6D105C69,Mall Kiosk,52.5,13.3,2004-01-27,5.0
165,"Dunja-Oderwald-Gasse 785
97452 Konstanz, Stuttgart",Stuttgart,DE,Europe,ST-06E21C4A,Local,48.8,9.2,2008-03-31,23.0
166,"Lidia-Zobel-Straße 922
51389 Mallersdorf, Friedberg",Friedberg,DE,Europe,FR-0FA7D921,Local,48.4,11.0,2012-03-15,31.0
167,"Studio 79w
Hazel heights
New Harry
E4C 8DA, Clacton-on-Sea",Clacton-on-Sea,GB,Europe,CL-361E75EC,Super Store,51.8,1.2,2001-05-20,112.0
168,"Flat 48W
Thompson forest
West Maria
N84 4LE, Walton-on-the-Naze",Walton-on-the-Naze,GB,Europe,WA-905645E6,Local,51.8,1.3,2010-08-09,36.0
169,"Studio 6
Baldwin ports
Lake Lewis
G2 3EE, Lymington",Lymington,GB,Europe,LY-73842BE8,Local,50.8,-1.5,2012-11-28,23.0
170,"Losekannplatz 687
06653 Potsdam, Halstenbek",Halstenbek,DE,Europe,HA-B6953307,Mall Kiosk,53.6,9.8,1993-10-02,8.0
171,"02 Norman flats
North Nigelburgh
WD7M 1UN, Belper",Belper,GB,Europe,BE-F9462A80,Super Store,53.0,-1.5,2019-01-16,100.0
173,"48 Willis dale
North Dylan
S8W 2NG, Strood",Strood,GB,Europe,ST-3C93FBF2,Local,51.4,0.5,2014-08-19,26.0
174,"Kruschwitzplatz 13
02034 Hainichen, Marburg an der Lahn",Marburg an der Lahn,DE,Europe,MA-20E6EB37,Local,50.8,8.8,2004-09-13,35.0
175,"Studio 0
Jennings spur
Gregoryville
NN3 4BB, High Wycombe",High Wycombe,GB,Europe,HI-F27C7A84,Outlet,51.6,-0.7,2007-07-21,71.0
176,"Flat 50
Sam extension
Wilsonview
FY1W 9BA, Thetford",Thetford,GB,Europe,TH-D94B2E76,Local,52.4,0.8,2015-01-08,30.0
177,"40 Powell lock
Kayborough
DG6 0ZS, Lower Earley",Lower Earley,GB,Europe,LO-3DD01CA8,Mall Kiosk,51.4,-0.9,2021-06-20,6.0
178,"Sontagweg 54
94925 Erfurt, Barmbek-Nord",Barmbek-Nord,DE,Europe,BA-8BA66AA0,Local,53.6,10.0,2006-02-03,33.0
180,"Sagerstr. 64
93083 Leipziger Land, Bad Segeberg",Bad Segeberg,DE,Europe,BA-3A37248A,Super Store,53.9,10.3,2011-11-27,69.0
181,"Flat 25
Chapman turnpike
Matthewsborough
MK0 4RG, Inverness",Inverness,GB,Europe,IN-8A98027C,Super Store,57.5,-4.2,1993-03-17,99.0
182,"Benthinallee 25
56122 Schongau, Charlottenburg-Nord",Charlottenburg-Nord,DE,Europe,CH-42F9D8D8,Local,52.5,13.3,2005-04-26,20.0
183,"Studio 26
Davies skyway
West Elizabeth
E24 2TR, Arbroath",Arbroath,GB,Europe,AR-F938FB8E,Local,56.6,-2.6,2015-02-13,27.0
184,"Wolf-Thies-Weg 032
36732 Höxter, Zeitz",Zeitz,DE,Europe,ZE-EA9C82AA,Local,51.0,12.1,2001-02-19,40.0
185,"Studio 53
Glen isle
New Stewarttown
M59 5XA, Exeter",Exeter,GB,Europe,EX-41AC3888,Local,50.7,-3.5,2010-07-19,24.0
186,"Flat 48U
Clark mount
New Allan
BA9A 8XX, Chapletown",Chapletown,GB,Europe,CH-E1344D81,Local,53.5,-1.5,1997-07-01,28.0
187,"Flat 18
Phillips lane
Lynntown
CF8H 8QU, Great Wyrley",Great Wyrley,GB,Europe,GR-18E26E0C,Local,52.7,-2.0,1999-11-19,34.0
188,"295 Foster haven
Edwardsfurt
M4 8ZJ, Viewpark",Viewpark,GB,Europe,VI-B13ACF87,Local,55.8,-4.1,2000-08-02,33.0
189,"Luka-Adolph-Platz 8/7
49973 Halberstadt, Ehingen",Ehingen,DE,Europe,EH-945D8F25,Super Store,48.3,9.7,2000-06-28,81.0
190,"70 Ward center
Port Nicola
DT73 4WY, Bushey",Bushey,GB,Europe,BU-3FC2A064,Local,51.6,-0.4,2016-11-25,25.0
191,"77 Eleanor fork
Wrightmouth
FK9 4BH, Mexborough",Mexborough,GB,Europe,ME-C1AF27C3,Super Store,53.5,-1.3,2001-03-08,130.0
192,"0 Mason islands
Lake Katyview
L3U 0EX, Penzance",Penzance,GB,Europe,PE-52B1E131,Local,50.1,-5.5,2012-05-02,25.0
193,"Studio 46
Julia points
North Gareth
BL4P 4NS, Rutherglen",Rutherglen,GB,Europe,RU-BFF916C5,Super Store,55.8,-4.2,2001-05-23,128.0
194,"Hülya-Reinhardt-Ring 8/8
84222 Hannoversch Münden, Landshut",Landshut,DE,Europe,LA-BC0455E1,Mall Kiosk,48.5,12.2,2005-08-05,7.0
195,"55 Phillip place
Jasmineberg
SW6 3YS, Belper",Belper,GB,Europe,BE-9A378A7F,Local,53.0,-1.5,2015-02-03,22.0
196,"7 Russell greens
New Jessica
M5A 5GL, Lancing",Lancing,GB,Europe,LA-C1E143DE,Super Store,50.8,-0.3,2006-10-03,138.0
197,"Nuray-Lorch-Ring 4/0
84116 Grevesmühlen, Nidderau",Nidderau,DE,Europe,NI-D757F308,Local,50.2,8.9,1997-05-01,27.0
198,"9 Chelsea trace
Mooremouth
CT32 6HG, Hartley",Hartley,GB,Europe,HA-859769AF,Local,51.4,0.3,2019-09-04,30.0
199,"Dörrstr. 4/6
74777 Neubrandenburg, Walsrode",Walsrode,DE,Europe,WA-0E6E657C,Super Store,52.9,9.6,2013-06-04,76.0
200,"Flat 77
Shaw underpass
Lake Mandy
G8C 2NE, Strood",Strood,GB,Europe,ST-1DAA85E6,Super Store,51.4,0.5,2014-09-17,77.0
201,"82 Pauline island
Port Gail
PA6 6XQ, Winsford",Winsford,GB,Europe,WI-1BEEB9CA,Super Store,53.2,-2.5,2021-01-12,137.0
202,"7 Wright run
South Adrian
N6A 1LX, Hartley",Hartley,GB,Europe,HA-41E65DD9,Super Store,51.4,0.3,2019-11-23,119.0
203,"516 Robinson Street Apt. 867
West Donna, NJ 95809, Jersey City",Jersey City,US,America,JE-3AF1D134,Local,40.7,-74.1,2015-10-02,38.0
204,"97 Jones village
Lynnestad
EH0H 7WL, Kingston upon Hull",Kingston upon Hull,GB,Europe,KI-967D1E81,Local,53.7,-0.3,2013-03-30,20.0
205,"Dippelweg 175
28510 Spremberg, Barmbek-Nord",Barmbek-Nord,DE,Europe,BA-B0933185,Super Store,53.6,10.0,2007-12-15,85.0
206,"5352 Maureen Turnpike Apt. 081
Lake Kevin, WY 05079, Fayetteville",Fayetteville,US,America,FA-6A7ABBAD,Super Store,35.1,-78.9,2008-12-07,131.0
207,"Studio 89
Rice freeway
Taylorshire
N22 1NT, Bushey",Bushey,GB,Europe,BU-3020DF6C,Local,51.6,-0.4,2020-08-22,36.0
208,"Mariola-Stey-Weg 67
59162 Bad Kreuznach, Friedberg",Friedberg,DE,Europe,FR-91D11D69,Outlet,48.4,11.0,2007-12-21,51.0
209,"Flat 2
Gibson stream
Thorpeview
AL14 1ZX, Strood",Strood,GB,Europe,ST-32641EC1,Local,51.4,0.5,1996-10-26,33.0
210,"Wanda-Etzold-Gasse 1
80729 Finsterwalde, Schleswig",Schleswig,DE,Europe,SC-ADA59883,Local,54.5,9.6,2017-05-21,32.0
211,"Studio 52
Brown place
New Kimland
WC2 0HD, Gainsborough",Gainsborough,GB,Europe,GA-2252ED9A,Local,53.4,-0.8,2009-11-19,31.0
212,"Studio 26e
Miles port
Vincentfurt
G2 0PL, Westbury",Westbury,GB,Europe,WE-298C66F0,Super Store,51.3,-2.2,1998-02-27,111.0
213,"303 Abdul cliffs
Sandersmouth
NR18 5HB, Poulton-le-Fylde",Poulton-le-Fylde,GB,Europe,PO-3A1A12CD,Outlet,53.8,-3.0,2000-06-23,58.0
214,"Flat 81
Gardner mission
North Leighton
ZE25 5WP, Cowes",Cowes,GB,Europe,CO-EAEDFFF3,Local,50.8,-1.3,2008-03-20,30.0
215,"Tina-Döring-Gasse 68
95518 Calw, Gauting",Gauting,DE,Europe,GA-846D92B4,Local,48.1,11.4,1995-04-22,28.0
216,"Flat 75b
Robert courts
Adamsstad
PA4B 9HF, Westbury",Westbury,GB,Europe,WE-54DE559C,Local,51.3,-2.2,2016-10-31,33.0
218,"Flat 08f
Francis flat
West Kathrynstad
SE69 3RR, Penzance",Penzance,GB,Europe,PE-60C328DB,Local,50.1,-5.5,2013-10-25,20.0
219,"9 Walker skyway
South Naomimouth
W58 1FA, Blackpool",Blackpool,GB,Europe,BL-8387506C,Local,53.8,-3.0,2021-05-19,33.0
220,"Strohplatz 83
98919 Perleberg, Oberhausen",Oberhausen,DE,Europe,OB-B57D2016,Super Store,51.5,6.9,2014-05-21,82.0
221,"0885 Smith Summit
South Heather, DC 76175, Redding",Redding,US,America,RE-4D07B5F2,Local,40.6,-122.4,2003-04-04,33.0
222,"Schleichallee 0
69754 Naila, Hofheim am Taunus",Hofheim am Taunus,DE,Europe,HO-85D2BA5B,Super Store,50.1,8.4,2016-02-06,82.0
223,"Nelli-Täsche-Gasse 7
02190 Dinslaken, Verl",Verl,DE,Europe,VE-EE7A1F48,Super Store,51.9,8.5,2010-05-21,118.0
224,"Flat 78
Higgins ports
Lloydfort
LN0X 1AE, Rhosllanerchrugog",Rhosllanerchrugog,GB,Europe,RH-AB6C3782,Local,53.0,-3.1,2015-02-19,27.0
225,"68 Briggs cliff
Scottton
S05 6HX, Aberdeen",Aberdeen,GB,Europe,AB-316DE4BA,Local,57.1,-2.1,1993-11-21,37.0
226,"1 Charlene summit
East Terence
EH0 7FH, Lancing",Lancing,GB,Europe,LA-F0652295,Local,50.8,-0.3,2018-02-13,33.0
227,"5 Gough park
Baldwinshire
KA39 6EQ, East Dereham",East Dereham,GB,Europe,EA-6B5D31D8,Outlet,52.7,0.9,1994-09-16,56.0
228,"Studio 5
Charlotte park
Bethanyview
L99 4EA, Belper",Belper,GB,Europe,BE-2DE7E6FD,Outlet,53.0,-1.5,2013-11-19,72.0
229,"van der Dussenallee 980
73428 Karlsruhe, Hofheim am Taunus",Hofheim am Taunus,DE,Europe,HO-978C59DC,Outlet,50.1,8.4,2014-04-07,87.0
230,"833 Amanda well
Elliotttown
CM38 7DQ, Kingston upon Hull",Kingston upon Hull,GB,Europe,KI-AF3A421C,Local,53.7,-0.3,2006-05-04,32.0
232,"Flat 16
Josephine streets
Lesliebury
SG38 6QB, Chapletown",Chapletown,GB,Europe,CH-C9AB9518,Local,53.5,-1.5,2006-08-23,40.0
233,"Studio 66
Jill lodge
Pottston
HR8 4QD, Rutherglen",Rutherglen,GB,Europe,RU-514020AC,Super Store,55.8,-4.2,2015-03-20,80.0
234,"Ottomar-Mans-Gasse 67
61565 Hofgeismar, Wittenau",Wittenau,DE,Europe,WI-5CDC1053,Super Store,52.6,13.3,2018-10-03,101.0
235,"23220 Christine Passage
Lake Karen, ME 66805, Mira Mesa",Mira Mesa,US,America,MI-D57825AA,Mall Kiosk,32.9,-117.1,2000-02-12,4.0
236,"2 Keith course
Walkerport
HS3X 9BE, Winsford",Winsford,GB,Europe,WI-293A03C1,Outlet,53.2,-2.5,2011-11-25,70.0
237,"566 John gardens
Port Glen
WN31 5WB, Great Wyrley",Great Wyrley,GB,Europe,GR-84BD26D4,Super Store,52.7,-2.0,2003-11-06,131.0
238,"Flat 77
Rita path
Smithstad
N59 7SX, Thetford",Thetford,GB,Europe,TH-B6A0AB51,Local,52.4,0.8,2021-08-05,22.0
239,"Studio 40Z
Graham stravenue
Brownfort
S7W 5YB, Surbiton",Surbiton,GB,Europe,SU-203C8474,Super Store,51.4,-0.3,2007-09-05,93.0
240,"Flat 65
Gordon estates
Longbury
G4B 4XF, Exeter",Exeter,GB,Europe,EX-A3F2DB7C,Mall Kiosk,50.7,-3.5,2014-07-28,6.0
241,"Drubplatz 5/8
30390 Hofgeismar, Albstadt",Albstadt,DE,Europe,AL-9E1A5529,Local,48.2,9.0,2022-07-29,39.0
242,"Flat 84d
Carol points
Paigeland
G3 0PD, Clacton-on-Sea",Clacton-on-Sea,GB,Europe,CL-DA786EF6,Local,51.8,1.2,2006-10-04,22.0
243,"Dörschnerweg 8
53663 Saulgau, Aschaffenburg",Aschaffenburg,DE,Europe,AS-D26C759B,Local,50.0,9.2,2004-12-07,20.0
244,"1135 Savannah Summit
Pierceshire, CO 66052, Fairview Heights",Fairview Heights,US,America,FA-0A1B14FB,Outlet,38.6,-90.0,1994-10-17,73.0
245,"5 Reynolds run
Jenniferfort
E8G 5YX, High Wycombe",High Wycombe,GB,Europe,HI-FD1137FA,Mall Kiosk,51.6,-0.7,1997-03-15,7.0
246,"5 Gardner mission
North Mohammedfort
G4 8XS, Clacton-on-Sea",Clacton-on-Sea,GB,Europe,CL-7BF16887,Local,51.8,1.2,2018-03-09,23.0
247,"Studio 85
Evans fields
East Gavinport
DT9P 1AP, Penzance",Penzance,GB,Europe,PE-360EA944,Local,50.1,-5.5,1995-06-06,37.0
249,"Killerweg 58
68233 Kronach, Landshut",Landshut,DE,Europe,LA-7A9AA65C,Super Store,48.5,12.2,1994-12-02,129.0
250,"491 Joel inlet
Port Justinside
M3 3JS, Aberdeen",Aberdeen,GB,Europe,AB-4ABD6D51,Mall Kiosk,57.1,-2.1,1994-08-19,6.0
251,"Knappegasse 4/9
24537 Düren, Radevormwald",Radevormwald,DE,Europe,RA-5F41ED85,Local,51.2,7.4,2017-12-27,38.0
252,"Studio 3
Gregory cove
North Geoffreyberg
E9G 4XP, Belper",Belper,GB,Europe,BE-7C142381,Mall Kiosk,53.0,-1.5,2008-11-15,7.0
253,"5 Gill square
Blakeborough
PR9W 6XB, Brierley Hill",Brierley Hill,GB,Europe,BR-FB62A5BA,Mall Kiosk,52.5,-2.1,2004-12-30,4.0
254,"Faustgasse 1/9
35075 Lichtenfels, Oschatz",Oschatz,DE,Europe,OS-EE0CC48A,Local,51.3,13.1,2015-05-11,28.0
255,"98 Barnett alley
Chambersland
N96 1QA, Viewpark",Viewpark,GB,Europe,VI-682A89FF,Local,55.8,-4.1,1998-12-18,23.0
256,"Pölitzring 379
05718 Zossen, Gauting",Gauting,DE,Europe,GA-5957F561,Mall Kiosk,48.1,11.4,2019-09-13,6.0
257,"47 Gavin summit
East Lucybury
SK9 4AA, Poulton-le-Fylde",Poulton-le-Fylde,GB,Europe,PO-4AF8FC4D,Local,53.8,-3.0,1999-03-30,38.0
258,"61 Taylor crest
Longport
B6 6WR, Selby",Selby,GB,Europe,SE-68A67454,Local,53.8,-1.1,2004-08-13,30.0
259,"Hans-Bernd-Atzler-Ring 1/7
78760 Zschopau, Radevormwald",Radevormwald,DE,Europe,RA-412FE889,Super Store,51.2,7.4,2009-07-22,72.0
260,"Marita-Ziegert-Allee 511
20274 Zerbst, Kirchlengern",Kirchlengern,DE,Europe,KI-81D6FEBD,Local,52.2,8.6,2001-01-12,33.0
261,"Studio 23
Matthews village
East Elliott
LU6A 5BE, Westbury",Westbury,GB,Europe,WE-41EFA2D6,Outlet,51.3,-2.2,2019-04-27,60.0
262,"Studio 68
Ward knoll
Stephensonside
SL42 7JL, Leyland",Leyland,GB,Europe,LE-1438EF01,Local,53.7,-2.7,1995-01-20,23.0
263,"Maria-Theresia-Johann-Allee 52
05110 Scheinfeld, Siegburg",Siegburg,DE,Europe,SI-3E5F4AD9,Local,50.8,7.2,2010-10-27,20.0
264,"Rosina-Henk-Gasse 8/6
59445 Aschaffenburg, Pfullingen",Pfullingen,DE,Europe,PF-F54C3265,Local,48.5,9.2,2006-07-08,37.0
265,"7314 Cobb Course Apt. 178
Garrettmouth, IN 57585, Port Richmond",Port Richmond,US,America,PO-D4D326B4,Local,40.6,-74.1,2005-06-07,23.0
266,"Studio 53
Miles fort
Jonesland
B2J 8HG, Selby",Selby,GB,Europe,SE-09EAF854,Local,53.8,-1.1,2013-11-04,28.0
267,"18980 John Points Apt. 129
Robinsonshire, PW 88197, Belle Glade",Belle Glade,US,America,BE-DAD46DCD,Local,26.7,-80.7,1995-01-21,32.0
268,"3 Graham manors
Tracystad
RG1 5XZ, Belper",Belper,GB,Europe,BE-BC3E4F9A,Super Store,53.0,-1.5,2002-11-07,111.0
269,"Werneckeweg 9/6
93470 Bad Mergentheim, Weimar",Weimar,DE,Europe,WE-55D0E7FF,Local,51.0,11.3,1998-05-02,34.0
270,"Studio 1
Kyle mission
New Glentown
SL43 9YP, Strood",Strood,GB,Europe,ST-8D1A43F1,Local,51.4,0.5,2018-04-26,34.0
271,"Claire-Heidrich-Weg 2/8
59107 Sankt Goar, Verl",Verl,DE,Europe,VE-1050754E,Local,51.9,8.5,2007-09-03,24.0
272,"Flat 3
Yvonne views
Matthewsstad
PL50 0QL, Chapletown",Chapletown,GB,Europe,CH-86DFF57D,Local,53.5,-1.5,1997-10-26,27.0
273,"970 Myers heights
Lorrainemouth
LS0B 5DB, Great Wyrley",Great Wyrley,GB,Europe,GR-6D292223,Local,52.7,-2.0,2018-02-26,22.0
274,"41 Carr ranch
Kieranfurt
G1 7DX, High Wycombe",High Wycombe,GB,Europe,HI-D59BBEEC,Super Store,51.6,-0.7,2017-06-19,114.0
275,"Flat 83t
Thomas road
South Adam
TW08 6QY, Chapletown",Chapletown,GB,Europe,CH-8A74708A,Outlet,53.5,-1.5,1995-04-29,52.0
276,"265 Talbot fork
Rogersmouth
E1 7EP, Great Wyrley",Great Wyrley,GB,Europe,GR-30543E4C,Super Store,52.7,-2.0,1999-11-24,137.0
277,"70 Dale lakes
East Adam
E3 9QS, Great Wyrley",Great Wyrley,GB,Europe,GR-664E0CB3,Local,52.7,-2.0,2011-08-15,38.0
278,"Otto-Tlustek-Ring 23
53302 Grevenbroich, Karben",Karben,DE,Europe,KA-249967D9,Local,50.2,8.8,1999-01-12,31.0
279,"2 Francis mission
Shaunton
G3 9WF, Exeter",Exeter,GB,Europe,EX-B1AACC7D,Local,50.7,-3.5,2005-04-07,37.0
280,"332 Eleanor forest
Rachelville
B3J 6YX, Blackpool",Blackpool,GB,Europe,BL-04FD6EF3,Local,53.8,-3.0,2002-11-22,28.0
281,"Flat 44
Gareth roads
Lake Jeanborough
CW7V 4GP, Surbiton",Surbiton,GB,Europe,SU-B415327A,Local,51.4,-0.3,2011-02-19,23.0
282,"Flat 26c
Gill dam
North Bryanport
M1 2NX, Walton-on-the-Naze",Walton-on-the-Naze,GB,Europe,WA-0A35C594,Super Store,51.8,1.3,2006-06-15,132.0
283,"2 Matthews street
Lynchborough
FK37 3TX, Devizes",Devizes,GB,Europe,DE-504A9BFE,Local,51.4,-2.0,2013-05-04,38.0
284,"275 Williams garden
Kingland
W8 1NZ, Arbroath",Arbroath,GB,Europe,AR-CB0D95D8,Local,56.6,-2.6,2003-01-06,20.0
285,"Reinhard-Weller-Allee 7
09791 Uelzen, Reutlingen",Reutlingen,DE,Europe,RE-FAF57EF7,Mall Kiosk,48.5,9.2,2013-07-13,4.0
286,"2 Lewis burg
Josephfort
W14 4SB, Aberdeen",Aberdeen,GB,Europe,AB-337AEBA7,Outlet,57.1,-2.1,1998-07-18,63.0
287,"2 Ian gateway
Lynneside
NP3 4SR, Penzance",Penzance,GB,Europe,PE-8BF5FE22,Outlet,50.1,-5.5,2008-02-14,70.0
288,"653 Smith radial
Lydiaport
E8E 8SU, Bushey",Bushey,GB,Europe,BU-0FB4CF87,Local,51.6,-0.4,2003-04-23,30.0
289,"Faustring 1
52133 Duderstadt, Memmingen",Memmingen,DE,Europe,ME-6529390A,Outlet,48.0,10.2,2005-06-13,78.0
290,"Flat 07
Dawson mall
Edwardston
LE11 0TG, Newbury",Newbury,GB,Europe,NE-2B35DCBD,Local,51.4,-1.3,2011-08-20,23.0
291,"Buchholzallee 372
93158 Bremen, Burscheid",Burscheid,DE,Europe,BU-90D457E0,Local,51.1,7.1,2004-11-17,40.0
292,"Löwerallee 49
00561 Miltenberg, Landshut",Landshut,DE,Europe,LA-55069B69,Mall Kiosk,48.5,12.2,2001-05-04,6.0
293,"Flat 0
Billy hill
Hughstad
G3B 0EL, Chapletown",Chapletown,GB,Europe,CH-DEF208AA,Mall Kiosk,53.5,-1.5,2022-02-25,8.0
294,"98501 Emily Field Suite 577
West Michael, IN 29247, Brunswick",Brunswick,US,America,BR-CACF7508,Mall Kiosk,43.9,-70.0,2000-02-15,7.0
295,"Flat 96s
Michelle courts
South Geraldside
EX08 4PA, Great Wyrley",Great Wyrley,GB,Europe,GR-911A7DFC,Outlet,52.7,-2.0,2010-02-02,66.0
296,"29 Craig mountains
New Kellyville
M3 1YE, Blackpool",Blackpool,GB,Europe,BL-9A86B74D,Local,53.8,-3.0,1993-01-26,24.0
297,"Flat 07
Owen gardens
New Terry
L8U 0DY, Barnet",Barnet,GB,Europe,BA-99F54BD0,Super Store,51.6,-0.2,2016-05-16,113.0
298,"Reingard-Weinhage-Weg 9/9
49079 Zerbst, Trossingen",Trossingen,DE,Europe,TR-658557DD,Local,48.1,8.6,2016-04-29,20.0
299,"05 Stone trail
Lake Alexandratown
W3 1YU, Blackpool",Blackpool,GB,Europe,BL-D6CF153F,Mall Kiosk,53.8,-3.0,2004-03-15,4.0
300,"Flat 12
Harriet circle
Sandraland
UB0V 3QF, Arbroath",Arbroath,GB,Europe,AR-2284FD32,Mall Kiosk,56.6,-2.6,2018-11-29,4.0
301,"Christine-Winkler-Straße 5
08309 Wurzen, Gronau",Gronau,DE,Europe,GR-63F021A1,Mall Kiosk,52.2,7.0,2020-02-22,6.0
302,"Flat 53
Liam vista
Alicehaven
E6E 7TE, East Dereham",East Dereham,GB,Europe,EA-EB4F2E1B,Outlet,52.7,0.9,2000-09-20,68.0
303,"Döringallee 7
21119 Sankt Goarshausen, Gifhorn",Gifhorn,DE,Europe,GI-718674C0,Super Store,52.5,10.6,2005-01-10,78.0
304,"Kadestr. 0
65793 Hildesheim, Charlottenburg-Nord",Charlottenburg-Nord,DE,Europe,CH-7638016B,Local,52.5,13.3,2000-06-27,31.0
305,"8 Baker orchard
Joycestad
S7 3XE, Gainsborough",Gainsborough,GB,Europe,GA-D570038A,Super Store,53.4,-0.8,1996-05-18,137.0
306,"Mercedes-Benthin-Ring 2/8
93429 Saarlouis, Hofheim am Taunus",Hofheim am Taunus,DE,Europe,HO-16A376B0,Local,50.1,8.4,2022-06-18,28.0
307,"5 Cole rapid
West Robert
SN63 0XR, Aberdeen",Aberdeen,GB,Europe,AB-30E0C17F,Local,57.1,-2.1,2003-05-17,37.0
308,"Peukertring 850
19830 Bad Brückenau, Nidderau",Nidderau,DE,Europe,NI-AB0FECD7,Outlet,50.2,8.9,2022-10-12,90.0
309,"Flat 1
Brenda fields
New Brenda
SA7N 1WA, Selby",Selby,GB,Europe,SE-C44E6951,Outlet,53.8,-1.1,1993-04-19,40.0
310,"Studio 24I
Nathan lock
Adamberg
BR0M 3YZ, Cowes",Cowes,GB,Europe,CO-308FF73B,Local,50.8,-1.3,2019-01-06,39.0
311,"4 Wright ways
South Timothychester
FK4B 2WB, Exeter",Exeter,GB,Europe,EX-B4EE25D8,Local,50.7,-3.5,2007-05-27,38.0
312,"Studio 97
Morris wall
West Karl
SL9 9DZ, Selby",Selby,GB,Europe,SE-E21DDC72,Local,53.8,-1.1,2017-09-04,35.0
313,"349 Megan extensions
West Martin
PH39 7DR, Thetford",Thetford,GB,Europe,TH-142AE777,Super Store,52.4,0.8,2007-05-05,94.0
314,"10212 Victoria Ports
Port Jillview, MN 30315, Carlsbad",Carlsbad,US,America,CA-70469742,Mall Kiosk,32.4,-104.2,2012-09-22,5.0
315,"Flat 09
Ford cliff
Jeffreyville
W6E 2FW, Newbury",Newbury,GB,Europe,NE-6046DE65,Local,51.4,-1.3,1996-06-01,29.0
316,"118 Logan Port Suite 682
New Jacobton, SC 81887, Lutz",Lutz,US,America,LU-439557A9,Mall Kiosk,28.2,-82.5,2012-08-18,4.0
317,"317 Douglas springs
Kayleighberg
B9C 7QG, Surbiton",Surbiton,GB,Europe,SU-163D2755,Outlet,51.4,-0.3,2012-10-07,77.0
318,"Studio 4
Fuller crossing
West Guy
SM9 8AQ, Viewpark",Viewpark,GB,Europe,VI-8EBC5471,Local,55.8,-4.1,2004-01-23,27.0
319,"268 Smith walks
North Stuartborough
W42 8LL, Bushey",Bushey,GB,Europe,BU-834779E4,Super Store,51.6,-0.4,2017-11-17,93.0
320,"32961 Daniel Bridge
West Malikfurt, ME 07252, Sterling",Sterling,US,America,ST-6590521C,Local,39.0,-77.4,1996-02-04,32.0
321,"Fabian-Kruschwitz-Ring 1
42324 Wiedenbrück, Hofheim am Taunus",Hofheim am Taunus,DE,Europe,HO-CE40B554,Super Store,50.1,8.4,2019-12-18,134.0
322,"167 Damien valley
Port Mohamedborough
M10 4LS, Lower Earley",Lower Earley,GB,Europe,LO-8E1CA9E3,Super Store,51.4,-0.9,1996-09-18,96.0
323,"4 White greens
Stephenmouth
TS3 9AX, Surbiton",Surbiton,GB,Europe,SU-ABF4F9A1,Mall Kiosk,51.4,-0.3,2001-05-18,7.0
324,"2 Kieran alley
South Leanneshire
EH4 8AQ, Cowes",Cowes,GB,Europe,CO-9A576872,Outlet,50.8,-1.3,2015-03-06,84.0
325,"Hertrampfallee 45
17758 Strasburg, Albstadt",Albstadt,DE,Europe,AL-EE8984F0,Mall Kiosk,48.2,9.0,2003-10-16,5.0
326,"Diethard-Bien-Ring 95
87473 Neunburg vorm Wald, Albstadt",Albstadt,DE,Europe,AL-FB5FAE9B,Local,48.2,9.0,2005-03-26,22.0
327,"Flat 38E
Roy squares
Mahmoodton
RH7P 3AS, East Dereham",East Dereham,GB,Europe,EA-EC2DAADE,Local,52.7,0.9,2010-11-15,36.0
328,"Boucseinweg 1/9
96416 Worbis, Stuttgart",Stuttgart,DE,Europe,ST-D14ED89D,Outlet,48.8,9.2,1998-09-29,59.0
329,"Flat 3
Carole walks
Davisborough
S2 5EE, Lower Earley",Lower Earley,GB,Europe,LO-C4AB23C1,Local,51.4,-0.9,2015-08-31,22.0
330,"Schleichstr. 883
92656 Bruchsal, Oberhausen",Oberhausen,DE,Europe,OB-4B85CD4E,Super Store,51.5,6.9,1996-10-22,108.0
331,"Flat 9
Marc islands
Joanfort
LN39 1RY, Bushey",Bushey,GB,Europe,BU-79F72A64,Mall Kiosk,51.6,-0.4,2011-09-24,4.0
332,"Marit-Zirme-Platz 8
08920 Berchtesgaden, Eppingen",Eppingen,DE,Europe,EP-E66BE479,Mall Kiosk,49.1,8.9,1996-10-15,6.0
334,"9 Jones divide
Whitechester
LU9E 4BL, Walton-on-the-Naze",Walton-on-the-Naze,GB,Europe,WA-58021322,Super Store,51.8,1.3,2011-02-08,80.0
335,"Beckmannring 978
52046 Bad Freienwalde, Korschenbroich",Korschenbroich,DE,Europe,KO-7E39C57F,Local,51.2,6.5,1995-02-26,33.0
336,"588 Natalie plaza
Annefurt
N94 8GD, High Wycombe",High Wycombe,GB,Europe,HI-AED3C6CD,Local,51.6,-0.7,2012-06-21,29.0
337,"6 John port
North Amanda
G6 2EU, Aberdeen",Aberdeen,GB,Europe,AB-D665986A,Local,57.1,-2.1,2002-07-21,32.0
338,"Kata-Seifert-Gasse 241
04496 Wetzlar, Bretten",Bretten,DE,Europe,BR-B7C294A7,Outlet,49.0,8.7,2018-02-08,77.0
339,"Flat 5
Ward gardens
New Timothy
SO9X 6NY, Lymington",Lymington,GB,Europe,LY-120579E6,Local,50.8,-1.5,1998-05-05,34.0
340,"148 Samuel course
Nicolaside
GY3E 5SD, Great Wyrley",Great Wyrley,GB,Europe,GR-250FBD0C,Local,52.7,-2.0,1994-11-24,27.0
342,"Mareile-Geißler-Straße 54
41907 Lobenstein, Landshut",Landshut,DE,Europe,LA-6D1FE061,Outlet,48.5,12.2,2017-10-24,89.0
343,"Bruderstr. 1/5
24745 Mayen, Bretten",Bretten,DE,Europe,BR-09D8DE69,Mall Kiosk,49.0,8.7,1999-01-02,5.0
344,"Flat 06e
Herbert fall
Lake Frank
FK92 1JZ, Westbury",Westbury,GB,Europe,WE-C5C34475,Super Store,51.3,-2.2,1994-01-29,134.0
345,"22 Taylor island
Lake Danielfort
B6 8NH, Inverness",Inverness,GB,Europe,IN-827175EE,Local,57.5,-4.2,2010-06-06,36.0
346,"Heinz-Dieter-Stadelmann-Ring 55
11784 Miesbach, Verl",Verl,DE,Europe,VE-38B76FFE,Local,51.9,8.5,2006-07-18,28.0
347,"Mirco-Dörschner-Straße 4/3
16157 Jülich, Oschatz",Oschatz,DE,Europe,OS-4BF93680,Local,51.3,13.1,2020-11-13,34.0
348,"auch Schlauchinstraße 287
85621 Ochsenfurt, Weimar",Weimar,DE,Europe,WE-69BFEA46,Outlet,51.0,11.3,2009-07-26,53.0
349,"Ilonka-Rust-Gasse 700
44228 Burgdorf, Halstenbek",Halstenbek,DE,Europe,HA-FC4E6AFF,Local,53.6,9.8,2017-06-01,32.0
350,"7 Tracy bridge
Dohertyport
E8H 1UF, Exeter",Exeter,GB,Europe,EX-A01E0020,Local,50.7,-3.5,2004-01-23,39.0
351,"06969 Dalton Rapid Apt. 131
Port James, DE 55905, Hutchinson",Hutchinson,US,America,HU-57B095A2,Local,38.1,-97.9,1998-01-22,40.0
352,"Almut-Förster-Ring 366
87661 Spremberg, Charlottenburg-Nord",Charlottenburg-Nord,DE,Europe,CH-01DEFD68,Local,52.5,13.3,1998-04-01,36.0
353,"4 Emma trail
Ellisborough
E0 7DY, Rutherglen",Rutherglen,GB,Europe,RU-9D16C525,Mall Kiosk,55.8,-4.2,1998-09-11,4.0
354,"7298 Todd Mission Suite 390
Sullivanside, PW 47041, Scarsdale",Scarsdale,US,America,SC-FFDD5A57,Mall Kiosk,41.0,-73.8,1999-09-18,7.0
355,"Studio 85
Gardner port
Charltonborough
S9B 4HT, Kingston upon Hull",Kingston upon Hull,GB,Europe,KI-DD9663C2,Local,53.7,-0.3,1997-03-25,28.0
356,"792 Allen locks
Hughesborough
W8D 0NQ, Exeter",Exeter,GB,Europe,EX-B3F5CFB1,Local,50.7,-3.5,1996-07-09,20.0
357,"789 Donna Skyway Suite 416
East Margaretland, AR 43995, Iron River",Iron River,US,America,IR-C8DAAB31,Local,46.1,-88.6,2002-05-14,28.0
358,"Gerta-Häring-Straße 8
98714 Donaueschingen, Wesseling",Wesseling,DE,Europe,WE-A6C131B0,Super Store,50.8,7.0,1997-09-15,113.0
359,"Gorlitzallee 04
16084 Stadtsteinach, Oberhausen",Oberhausen,DE,Europe,OB-FDC2CF69,Local,51.5,6.9,2015-07-05,36.0
360,"Hillerring 299
61655 Merseburg, Bad Segeberg",Bad Segeberg,DE,Europe,BA-25629F8E,Local,53.9,10.3,2021-08-11,24.0
361,"45 Cameron field
Rhysport
G24 5RX, High Wycombe",High Wycombe,GB,Europe,HI-7B43DCA9,Local,51.6,-0.7,2009-09-20,35.0
362,"Egbert-Heser-Straße 066
16185 Wurzen, Hechingen",Hechingen,DE,Europe,HE-84E62AB9,Local,48.4,9.0,2001-04-20,30.0
363,"Studio 9
Rachael mills
Lake Guy
ML6 0YG, Rutherglen",Rutherglen,GB,Europe,RU-DA6DCDA7,Local,55.8,-4.2,2000-12-28,38.0
364,"212 Nicola islands
East Ricky
JE2H 2AG, Inverness",Inverness,GB,Europe,IN-E47115F0,Local,57.5,-4.2,1995-08-26,32.0
365,"Gerti-Gumprich-Gasse 9/3
69138 Pfaffenhofen an der Ilm, Bad Segeberg",Bad Segeberg,DE,Europe,BA-91C512D2,Local,53.9,10.3,2007-10-04,26.0
366,"937 Sharon Lane Suite 420
South Jonfort, NM 79234, Jackson",Jackson,US,America,JA-49A2D7F5,Local,35.6,-88.8,1994-12-04,40.0
367,"76 Glen street
Port Declan
DH57 5XF, Inverness",Inverness,GB,Europe,IN-C4060B7D,Local,57.5,-4.2,1999-05-16,25.0
368,"1 Moore shore
Smithmouth
BT6 6LR, Chapletown",Chapletown,GB,Europe,CH-6ADEBD99,Mall Kiosk,53.5,-1.5,2005-11-08,7.0
369,"0 Marian circles
Port Kayleigh
PR5 6LW, Bushey",Bushey,GB,Europe,BU-B5B6F452,Local,51.6,-0.4,2009-02-28,25.0
370,"Studio 88
Alice crescent
Clareview
E3C 1BB, Selby",Selby,GB,Europe,SE-531CB6EE,Local,53.8,-1.1,1994-10-11,36.0
371,"92 Carole drives
East Hollie
L6F 3AJ, Surbiton",Surbiton,GB,Europe,SU-EFC31DF9,Super Store,51.4,-0.3,2017-06-12,96.0
372,"Studio 23
Bernard villages
Dannychester
N0 0WZ, Strood",Strood,GB,Europe,ST-76D54DCB,Outlet,51.4,0.5,1998-09-29,59.0
373,"Stefano-Drewes-Platz 5/8
72384 Karlsruhe, Hechingen",Hechingen,DE,Europe,HE-A49D28DF,Local,48.4,9.0,2001-07-27,24.0
374,"50 Palmer lakes
West Jacquelinemouth
S5J 7UG, Lancing",Lancing,GB,Europe,LA-0E85631B,Local,50.8,-0.3,2010-07-26,29.0
376,"Ewa-Mude-Weg 8
93170 Neustrelitz, Pfullingen",Pfullingen,DE,Europe,PF-4FB7B30C,Local,48.5,9.2,2001-05-10,21.0
377,"Danny-Schüler-Platz 8/0
55598 Bayreuth, Albstadt",Albstadt,DE,Europe,AL-34ABF27F,Local,48.2,9.0,1997-01-30,37.0
378,"Flat 59
Donna wells
Walshton
DD4P 8WL, Lower Earley",Lower Earley,GB,Europe,LO-74DBE049,Local,51.4,-0.9,2019-07-19,26.0
379,"71 James row
Lake Angela
EC60 5TP, Lower Earley",Lower Earley,GB,Europe,LO-EC0C9189,Local,51.4,-0.9,2018-10-21,33.0
380,"81 Kenneth spur
Lake Jeremy
PO80 5NA, Belper",Belper,GB,Europe,BE-C5C7E600,Local,53.0,-1.5,1993-08-16,39.0
382,"Flat 2
Hill trafficway
Annefurt
BD0X 4SD, Penzance",Penzance,GB,Europe,PE-F9CF2B74,Mall Kiosk,50.1,-5.5,2006-06-18,7.0
383,"Handegasse 60
21291 Soltau, Aschaffenburg",Aschaffenburg,DE,Europe,AS-373D10B2,Outlet,50.0,9.2,1997-09-17,51.0
384,"23 Spencer creek
Robinsonborough
EH6 4UE, Rhosllanerchrugog",Rhosllanerchrugog,GB,Europe,RH-450F1A1B,Local,53.0,-3.1,2004-01-23,23.0
385,"Dina-Beier-Allee 6/2
47004 Uffenheim, Gronau",Gronau,DE,Europe,GR-61A03D84,Local,52.2,7.0,1994-10-19,25.0
386,"9 Richard centers
Port Lorrainestad
TF7 0XN, Aberdeen",Aberdeen,GB,Europe,AB-D04AA29C,Outlet,57.1,-2.1,2002-07-23,68.0
387,"Dorothe-Wernecke-Allee 0/5
27291 Greifswald, Weimar",Weimar,DE,Europe,WE-0E145AF9,Local,51.0,11.3,2019-01-04,29.0
388,"7646 Smith Key
Murrayfurt, CT 96012, Bridgeport",Bridgeport,US,America,BR-0DCD7EE0,Local,41.2,-73.2,2006-01-20,28.0
389,"Studio 1
Walsh gardens
West Stanley
M16 6YB, Thetford",Thetford,GB,Europe,TH-B8F42840,Super Store,52.4,0.8,2018-03-30,70.0
390,"Studio 81
Bentley villages
Valeriechester
M2 7RU, Great Wyrley",Great Wyrley,GB,Europe,GR-16C93F4D,Local,52.7,-2.0,2005-03-13,29.0
391,"6 Christine green
Seanfort
MK1 5UF, Blackpool",Blackpool,GB,Europe,BL-190ABD7D,Local,53.8,-3.0,2022-04-05,30.0
392,"Hans-Martin-Köster-Straße 2/2
19032 Seelow, Rudolstadt",Rudolstadt,DE,Europe,RU-798BB83A,Local,50.7,11.3,1996-05-30,40.0
393,"Studio 25
Gerald square
Lewisview
SL3 9FD, Hartley",Hartley,GB,Europe,HA-10EEDC1D,Local,51.4,0.3,2004-02-13,31.0
394,"Studio 28Q
Elliott plains
North Hollyfurt
CT50 1XR, Aberdeen",Aberdeen,GB,Europe,AB-FCFAB1A9,Super Store,57.1,-2.1,2015-03-02,106.0
395,"Peter-Röhricht-Straße 11
62729 Ingolstadt, Hermsdorf",Hermsdorf,DE,Europe,HE-8818F573,Mall Kiosk,52.6,13.3,2005-07-20,7.0
396,"885 Smith skyway
Port Paigestad
BB2 6ZP, Inverness",Inverness,GB,Europe,IN-CC1993CF,Local,57.5,-4.2,1993-08-03,33.0
397,"6 Arnold course
West Mitchell
N74 1QS, Lymington",Lymington,GB,Europe,LY-D37CAF45,Local,50.8,-1.5,2021-06-15,20.0
398,"Ullmannring 4/9
61484 Neustadtner Waldnaab, Reutlingen",Reutlingen,DE,Europe,RE-75445D60,Local,48.5,9.2,2013-05-08,31.0
399,"Flat 2
Anna union
Brownview
N5S 6WR, Cowes",Cowes,GB,Europe,CO-3971C69C,Local,50.8,-1.3,2004-10-11,33.0
400,"Thanelweg 0/3
77499 Wolfenbüttel, Neuburg an der Donau",Neuburg an der Donau,DE,Europe,NE-D1A20330,Mall Kiosk,48.7,11.2,2017-01-10,5.0
401,"Flat 7
Diana prairie
Ashleighville
SN2 5SE, Lancing",Lancing,GB,Europe,LA-A12C3D8F,Local,50.8,-0.3,2003-12-11,38.0
402,"Putzplatz 722
89252 Roth, Bad Honnef",Bad Honnef,DE,Europe,BA-C0C7FDBE,Local,50.6,7.2,2012-03-06,28.0
403,"Krauseweg 835
71678 Perleberg, Losheim",Losheim,DE,Europe,LO-F33AC948,Local,49.5,6.7,2003-11-05,31.0
404,"90 Burton path
South Clivemouth
N3 1SB, Poulton-le-Fylde",Poulton-le-Fylde,GB,Europe,PO-E636D18D,Super Store,53.8,-3.0,2010-10-18,73.0
406,"2 Curtis fork
Mariaburgh
W7U 6DS, Leyland",Leyland,GB,Europe,LE-1E8CCAFA,Local,53.7,-2.7,2014-05-21,35.0
407,"89998 Thomas Cove
Benjaminview, GA 10236, Scottsdale",Scottsdale,US,America,SC-4AE031F4,Local,33.5,-111.9,2017-10-26,37.0
408,"Flat 98
Page estates
North Ann
YO6 5NS, Lower Earley",Lower Earley,GB,Europe,LO-ED733BA2,Outlet,51.4,-0.9,1996-12-11,48.0
409,"Ortwin-Graf-Allee 755
18785 Schwabmünchen, Friedberg",Friedberg,DE,Europe,FR-A86E698A,Local,48.4,11.0,2016-03-16,21.0
410,"Studio 38
Georgia alley
Lake Brendaburgh
S0 9YS, Kingston upon Hull",Kingston upon Hull,GB,Europe,KI-107167CD,Super Store,53.7,-0.3,2002-11-18,119.0
411,"Flat 61o
Melanie tunnel
Howellsside
M8W 3EJ, Belper",Belper,GB,Europe,BE-7D0EF647,Local,53.0,-1.5,1993-06-29,32.0
412,"31 Freeman circle
Lake Lee
B3 6JW, Penzance",Penzance,GB,Europe,PE-086FA5EE,Local,50.1,-5.5,2018-04-10,32.0
413,"Studio 4
Sheppard forges
Lake Lyndaberg
L9 0SQ, Penzance",Penzance,GB,Europe,PE-78E2B585,Mall Kiosk,50.1,-5.5,2003-08-05,5.0
415,"Flat 82Z
Tina vista
New Nicholas
IP2 5LW, Arbroath",Arbroath,GB,Europe,AR-EE57502B,Local,56.6,-2.6,2011-12-12,25.0
416,"3 James ferry
South Terryshire
N80 4HX, Exeter",Exeter,GB,Europe,EX-FA379F57,Super Store,50.7,-3.5,1996-12-01,129.0
417,"Sabine-Plath-Platz 1
46885 Auerbach, Gronau",Gronau,DE,Europe,GR-9049A708,Super Store,52.2,7.0,2014-01-13,124.0
418,"Flat 10r
Elaine rapids
Stuartmouth
TQ4P 6TA, Walton-on-the-Naze",Walton-on-the-Naze,GB,Europe,WA-ED4B495E,Local,51.8,1.3,2001-09-05,21.0
419,"18134 Caleb Pine
New Michaelbury, ME 45223, Troutdale",Troutdale,US,America,TR-8CD56339,Super Store,45.5,-122.4,2004-02-09,133.0
420,"5937 Jody Station Suite 068
Nathanview, MN 63911, Columbia Heights",Columbia Heights,US,America,CO-D819CC5E,Local,45.0,-93.3,2010-02-06,38.0
421,"Flat 30
Abigail isle
Patelville
L50 0QG, Exeter",Exeter,GB,Europe,EX-82831D93,Super Store,50.7,-3.5,2017-09-10,107.0
422,"Studio 84N
Phillips squares
South Andrea
E56 5FU, Westbury",Westbury,GB,Europe,WE-FF0F6BA4,Local,51.3,-2.2,2010-04-06,20.0
423,"Sergei-Bien-Gasse 92
38896 Sternberg, Eppingen",Eppingen,DE,Europe,EP-6E0918AF,Local,49.1,8.9,2022-02-23,21.0
424,"4661 Jennifer Expressway Apt. 500
Lukebury, NH 33096, Westchester",Westchester,US,America,WE-B278D336,Super Store,41.9,-87.9,1997-11-14,62.0
425,"Studio 2
Rachel turnpike
Shawbury
W0 9FJ, Bushey",Bushey,GB,Europe,BU-FB96B095,Outlet,51.6,-0.4,2021-11-24,86.0
426,"Biggenstraße 13
01718 Weißenfels, Korschenbroich",Korschenbroich,DE,Europe,KO-975B107F,Local,51.2,6.5,2017-05-28,37.0
427,"15 Jeffrey pines
Victoriamouth
OL4 4LX, Exeter",Exeter,GB,Europe,EX-2E8DF595,Local,50.7,-3.5,1998-08-05,35.0
428,"Flat 81
Holly village
Weststad
W7J 4YP, Hartley",Hartley,GB,Europe,HA-CCBCBF87,Local,51.4,0.3,2001-06-06,24.0
429,"Studio 2
Rosie estate
South Henryport
SP6E 4HT, Arbroath",Arbroath,GB,Europe,AR-ADA61B10,Super Store,56.6,-2.6,2006-10-03,134.0
430,"935 Brenda knolls
East Lynnetown
S0T 9UB, Rutherglen",Rutherglen,GB,Europe,RU-F0666E4B,Local,55.8,-4.2,2006-10-09,32.0
431,"Studio 2
Sam wells
Port Ireneport
W9 5YG, Walton-on-the-Naze",Walton-on-the-Naze,GB,Europe,WA-A34BF06C,Super Store,51.8,1.3,2016-03-20,130.0
432,"9 Bennett summit
East Bethland
E9U 8YH, Kingston upon Hull",Kingston upon Hull,GB,Europe,KI-137ED849,Local,53.7,-0.3,2003-05-01,40.0
433,"46 Simpson view
North Heather
KY8B 5TD, Belper",Belper,GB,Europe,BE-6F48991F,Super Store,53.0,-1.5,1994-12-27,77.0
434,"Schäferallee 56
41888 Bruchsal, Charlottenburg-Nord",Charlottenburg-Nord,DE,Europe,CH-C98AC168,Local,52.5,13.3,2021-02-28,39.0
435,"Studio 57
Adams river
East Garry
KW0 8FQ, Devizes",Devizes,GB,Europe,DE-12392F66,Super Store,51.4,-2.0,1996-10-16,139.0
436,"754 Kim streets
New Paigemouth
E5 7AE, Barnet",Barnet,GB,Europe,BA-41B2EB4B,Mall Kiosk,51.6,-0.2,2022-07-16,8.0
438,"Flat 86
Wendy mountain
South Phillip
AL2N 3AE, Winsford",Winsford,GB,Europe,WI-1EA140B1,Outlet,53.2,-2.5,1996-11-16,68.0
439,"265 Jasmine stravenue
Mauricehaven
SO7 2UY, Chapletown",Chapletown,GB,Europe,CH-01D85C8D,Local,53.5,-1.5,2005-09-01,35.0
440,"8 Watkins walk
Goodwinton
B8 5LS, Viewpark",Viewpark,GB,Europe,VI-68DB8362,Local,55.8,-4.1,2022-08-20,29.0
441,"Flat 89
Ricky trafficway
East Alicechester
N46 8ZT, Rhosllanerchrugog",Rhosllanerchrugog,GB,Europe,RH-80D609C9,Local,53.0,-3.1,2017-01-14,23.0
442,"Flat 98H
Stephanie squares
Port Lindsey
SA6Y 1ZN, Aberdeen",Aberdeen,GB,Europe,AB-D5ABF437,Local,57.1,-2.1,2020-12-15,22.0
443,"Studio 31
Graeme via
North Amanda
B30 4PJ, Belper",Belper,GB,Europe,BE-B069E157,Local,53.0,-1.5,2019-10-30,40.0
444,"936 Foster forge
Tracyside
W0 3GT, Walton-on-the-Naze",Walton-on-the-Naze,GB,Europe,WA-A41DA979,Super Store,51.8,1.3,2014-06-04,98.0
445,"Flat 7
Stephanie lake
Morrisside
HP8 8LH, Cowes",Cowes,GB,Europe,CO-473A9FBB,Super Store,50.8,-1.3,2008-06-08,94.0
446,"Täschestraße 25
39039 Nördlingen, Kirchlengern",Kirchlengern,DE,Europe,KI-78096E8C,Super Store,52.2,8.6,2005-05-12,61.0
448,"Studio 8
Moss mall
West Linda
M0E 6XR, High Wycombe",High Wycombe,GB,Europe,HI-EEA7AE62,Local,51.6,-0.7,1998-05-14,33.0
449,"Baumplatz 6
80114 Kötzting, Bretten",Bretten,DE,Europe,BR-662EC74C,Local,49.0,8.7,2020-10-17,35.0
450,"Gotthilf-Rose-Straße 7/3
45457 Feuchtwangen, Bad Honnef",Bad Honnef,DE,Europe,BA-B4AED588,Local,50.6,7.2,2001-05-12,36.0
